;titulo;preco
0;A Light in the Attic;£51.77
1;Tipping the Velvet;£53.74
2;Soumission;£50.10
3;Sharp Objects;£47.82
4;Sapiens: A Brief History of Humankind;£54.23
5;The Requiem Red;£22.65
6;The Dirty Little Secrets of Getting Your Dream Job;£33.34
7;The Coming Woman: A Novel Based on the Life of the Infamous Feminist, Victoria Woodhull;£17.93
8;The Boys in the Boat: Nine Americans and Their Epic Quest for Gold at the 1936 Berlin Olympics;£22.60
9;The Black Maria;£52.15
10;Starving Hearts (Triangular Trade Trilogy, #1);£13.99
11;Shakespeare's Sonnets;£20.66
12;Set Me Free;£17.46
13;Scott Pilgrim's Precious Little Life (Scott Pilgrim #1);£52.29
14;Rip it Up and Start Again;£35.02
15;Our Band Could Be Your Life: Scenes from the American Indie Underground, 1981-1991;£57.25
16;Olio;£23.88
17;Mesaerion: The Best Science Fiction Stories 1800-1849;£37.59
18;Libertarianism for Beginners;£51.33
19;It's Only the Himalayas;£45.17
20;A Light in the Attic;£51.77
21;Tipping the Velvet;£53.74
22;Soumission;£50.10
23;Sharp Objects;£47.82
24;Sapiens: A Brief History of Humankind;£54.23
25;The Requiem Red;£22.65
26;The Dirty Little Secrets of Getting Your Dream Job;£33.34
27;The Coming Woman: A Novel Based on the Life of the Infamous Feminist, Victoria Woodhull;£17.93
28;The Boys in the Boat: Nine Americans and Their Epic Quest for Gold at the 1936 Berlin Olympics;£22.60
29;The Black Maria;£52.15
30;Starving Hearts (Triangular Trade Trilogy, #1);£13.99
31;Shakespeare's Sonnets;£20.66
32;Set Me Free;£17.46
33;Scott Pilgrim's Precious Little Life (Scott Pilgrim #1);£52.29
34;Rip it Up and Start Again;£35.02
35;Our Band Could Be Your Life: Scenes from the American Indie Underground, 1981-1991;£57.25
36;Olio;£23.88
37;Mesaerion: The Best Science Fiction Stories 1800-1849;£37.59
38;Libertarianism for Beginners;£51.33
39;It's Only the Himalayas;£45.17
40;A Light in the Attic;£51.77
41;Tipping the Velvet;£53.74
42;Soumission;£50.10
43;Sharp Objects;£47.82
44;Sapiens: A Brief History of Humankind;£54.23
45;The Requiem Red;£22.65
46;The Dirty Little Secrets of Getting Your Dream Job;£33.34
47;The Coming Woman: A Novel Based on the Life of the Infamous Feminist, Victoria Woodhull;£17.93
48;The Boys in the Boat: Nine Americans and Their Epic Quest for Gold at the 1936 Berlin Olympics;£22.60
49;The Black Maria;£52.15
50;Starving Hearts (Triangular Trade Trilogy, #1);£13.99
51;Shakespeare's Sonnets;£20.66
52;Set Me Free;£17.46
53;Scott Pilgrim's Precious Little Life (Scott Pilgrim #1);£52.29
54;Rip it Up and Start Again;£35.02
55;Our Band Could Be Your Life: Scenes from the American Indie Underground, 1981-1991;£57.25
56;Olio;£23.88
57;Mesaerion: The Best Science Fiction Stories 1800-1849;£37.59
58;Libertarianism for Beginners;£51.33
59;It's Only the Himalayas;£45.17
60;A Light in the Attic;£51.77
61;Tipping the Velvet;£53.74
62;Soumission;£50.10
63;Sharp Objects;£47.82
64;Sapiens: A Brief History of Humankind;£54.23
65;The Requiem Red;£22.65
66;The Dirty Little Secrets of Getting Your Dream Job;£33.34
67;The Coming Woman: A Novel Based on the Life of the Infamous Feminist, Victoria Woodhull;£17.93
68;The Boys in the Boat: Nine Americans and Their Epic Quest for Gold at the 1936 Berlin Olympics;£22.60
69;The Black Maria;£52.15
70;Starving Hearts (Triangular Trade Trilogy, #1);£13.99
71;Shakespeare's Sonnets;£20.66
72;Set Me Free;£17.46
73;Scott Pilgrim's Precious Little Life (Scott Pilgrim #1);£52.29
74;Rip it Up and Start Again;£35.02
75;Our Band Could Be Your Life: Scenes from the American Indie Underground, 1981-1991;£57.25
76;Olio;£23.88
77;Mesaerion: The Best Science Fiction Stories 1800-1849;£37.59
78;Libertarianism for Beginners;£51.33
79;It's Only the Himalayas;£45.17
80;A Light in the Attic;£51.77
81;Tipping the Velvet;£53.74
82;Soumission;£50.10
83;Sharp Objects;£47.82
84;Sapiens: A Brief History of Humankind;£54.23
85;The Requiem Red;£22.65
86;The Dirty Little Secrets of Getting Your Dream Job;£33.34
87;The Coming Woman: A Novel Based on the Life of the Infamous Feminist, Victoria Woodhull;£17.93
88;The Boys in the Boat: Nine Americans and Their Epic Quest for Gold at the 1936 Berlin Olympics;£22.60
89;The Black Maria;£52.15
90;Starving Hearts (Triangular Trade Trilogy, #1);£13.99
91;Shakespeare's Sonnets;£20.66
92;Set Me Free;£17.46
93;Scott Pilgrim's Precious Little Life (Scott Pilgrim #1);£52.29
94;Rip it Up and Start Again;£35.02
95;Our Band Could Be Your Life: Scenes from the American Indie Underground, 1981-1991;£57.25
96;Olio;£23.88
97;Mesaerion: The Best Science Fiction Stories 1800-1849;£37.59
98;Libertarianism for Beginners;£51.33
99;It's Only the Himalayas;£45.17
100;A Light in the Attic;£51.77
101;Tipping the Velvet;£53.74
102;Soumission;£50.10
103;Sharp Objects;£47.82
104;Sapiens: A Brief History of Humankind;£54.23
105;The Requiem Red;£22.65
106;The Dirty Little Secrets of Getting Your Dream Job;£33.34
107;The Coming Woman: A Novel Based on the Life of the Infamous Feminist, Victoria Woodhull;£17.93
108;The Boys in the Boat: Nine Americans and Their Epic Quest for Gold at the 1936 Berlin Olympics;£22.60
109;The Black Maria;£52.15
110;Starving Hearts (Triangular Trade Trilogy, #1);£13.99
111;Shakespeare's Sonnets;£20.66
112;Set Me Free;£17.46
113;Scott Pilgrim's Precious Little Life (Scott Pilgrim #1);£52.29
114;Rip it Up and Start Again;£35.02
115;Our Band Could Be Your Life: Scenes from the American Indie Underground, 1981-1991;£57.25
116;Olio;£23.88
117;Mesaerion: The Best Science Fiction Stories 1800-1849;£37.59
118;Libertarianism for Beginners;£51.33
119;It's Only the Himalayas;£45.17
120;A Light in the Attic;£51.77
121;Tipping the Velvet;£53.74
122;Soumission;£50.10
123;Sharp Objects;£47.82
124;Sapiens: A Brief History of Humankind;£54.23
125;The Requiem Red;£22.65
126;The Dirty Little Secrets of Getting Your Dream Job;£33.34
127;The Coming Woman: A Novel Based on the Life of the Infamous Feminist, Victoria Woodhull;£17.93
128;The Boys in the Boat: Nine Americans and Their Epic Quest for Gold at the 1936 Berlin Olympics;£22.60
129;The Black Maria;£52.15
130;Starving Hearts (Triangular Trade Trilogy, #1);£13.99
131;Shakespeare's Sonnets;£20.66
132;Set Me Free;£17.46
133;Scott Pilgrim's Precious Little Life (Scott Pilgrim #1);£52.29
134;Rip it Up and Start Again;£35.02
135;Our Band Could Be Your Life: Scenes from the American Indie Underground, 1981-1991;£57.25
136;Olio;£23.88
137;Mesaerion: The Best Science Fiction Stories 1800-1849;£37.59
138;Libertarianism for Beginners;£51.33
139;It's Only the Himalayas;£45.17
140;A Light in the Attic;£51.77
141;Tipping the Velvet;£53.74
142;Soumission;£50.10
143;Sharp Objects;£47.82
144;Sapiens: A Brief History of Humankind;£54.23
145;The Requiem Red;£22.65
146;The Dirty Little Secrets of Getting Your Dream Job;£33.34
147;The Coming Woman: A Novel Based on the Life of the Infamous Feminist, Victoria Woodhull;£17.93
148;The Boys in the Boat: Nine Americans and Their Epic Quest for Gold at the 1936 Berlin Olympics;£22.60
149;The Black Maria;£52.15
150;Starving Hearts (Triangular Trade Trilogy, #1);£13.99
151;Shakespeare's Sonnets;£20.66
152;Set Me Free;£17.46
153;Scott Pilgrim's Precious Little Life (Scott Pilgrim #1);£52.29
154;Rip it Up and Start Again;£35.02
155;Our Band Could Be Your Life: Scenes from the American Indie Underground, 1981-1991;£57.25
156;Olio;£23.88
157;Mesaerion: The Best Science Fiction Stories 1800-1849;£37.59
158;Libertarianism for Beginners;£51.33
159;It's Only the Himalayas;£45.17
160;A Light in the Attic;£51.77
161;Tipping the Velvet;£53.74
162;Soumission;£50.10
163;Sharp Objects;£47.82
164;Sapiens: A Brief History of Humankind;£54.23
165;The Requiem Red;£22.65
166;The Dirty Little Secrets of Getting Your Dream Job;£33.34
167;The Coming Woman: A Novel Based on the Life of the Infamous Feminist, Victoria Woodhull;£17.93
168;The Boys in the Boat: Nine Americans and Their Epic Quest for Gold at the 1936 Berlin Olympics;£22.60
169;The Black Maria;£52.15
170;Starving Hearts (Triangular Trade Trilogy, #1);£13.99
171;Shakespeare's Sonnets;£20.66
172;Set Me Free;£17.46
173;Scott Pilgrim's Precious Little Life (Scott Pilgrim #1);£52.29
174;Rip it Up and Start Again;£35.02
175;Our Band Could Be Your Life: Scenes from the American Indie Underground, 1981-1991;£57.25
176;Olio;£23.88
177;Mesaerion: The Best Science Fiction Stories 1800-1849;£37.59
178;Libertarianism for Beginners;£51.33
179;It's Only the Himalayas;£45.17
180;A Light in the Attic;£51.77
181;Tipping the Velvet;£53.74
182;Soumission;£50.10
183;Sharp Objects;£47.82
184;Sapiens: A Brief History of Humankind;£54.23
185;The Requiem Red;£22.65
186;The Dirty Little Secrets of Getting Your Dream Job;£33.34
187;The Coming Woman: A Novel Based on the Life of the Infamous Feminist, Victoria Woodhull;£17.93
188;The Boys in the Boat: Nine Americans and Their Epic Quest for Gold at the 1936 Berlin Olympics;£22.60
189;The Black Maria;£52.15
190;Starving Hearts (Triangular Trade Trilogy, #1);£13.99
191;Shakespeare's Sonnets;£20.66
192;Set Me Free;£17.46
193;Scott Pilgrim's Precious Little Life (Scott Pilgrim #1);£52.29
194;Rip it Up and Start Again;£35.02
195;Our Band Could Be Your Life: Scenes from the American Indie Underground, 1981-1991;£57.25
196;Olio;£23.88
197;Mesaerion: The Best Science Fiction Stories 1800-1849;£37.59
198;Libertarianism for Beginners;£51.33
199;It's Only the Himalayas;£45.17
200;A Light in the Attic;£51.77
201;Tipping the Velvet;£53.74
202;Soumission;£50.10
203;Sharp Objects;£47.82
204;Sapiens: A Brief History of Humankind;£54.23
205;The Requiem Red;£22.65
206;The Dirty Little Secrets of Getting Your Dream Job;£33.34
207;The Coming Woman: A Novel Based on the Life of the Infamous Feminist, Victoria Woodhull;£17.93
208;The Boys in the Boat: Nine Americans and Their Epic Quest for Gold at the 1936 Berlin Olympics;£22.60
209;The Black Maria;£52.15
210;Starving Hearts (Triangular Trade Trilogy, #1);£13.99
211;Shakespeare's Sonnets;£20.66
212;Set Me Free;£17.46
213;Scott Pilgrim's Precious Little Life (Scott Pilgrim #1);£52.29
214;Rip it Up and Start Again;£35.02
215;Our Band Could Be Your Life: Scenes from the American Indie Underground, 1981-1991;£57.25
216;Olio;£23.88
217;Mesaerion: The Best Science Fiction Stories 1800-1849;£37.59
218;Libertarianism for Beginners;£51.33
219;It's Only the Himalayas;£45.17
220;A Light in the Attic;£51.77
221;Tipping the Velvet;£53.74
222;Soumission;£50.10
223;Sharp Objects;£47.82
224;Sapiens: A Brief History of Humankind;£54.23
225;The Requiem Red;£22.65
226;The Dirty Little Secrets of Getting Your Dream Job;£33.34
227;The Coming Woman: A Novel Based on the Life of the Infamous Feminist, Victoria Woodhull;£17.93
228;The Boys in the Boat: Nine Americans and Their Epic Quest for Gold at the 1936 Berlin Olympics;£22.60
229;The Black Maria;£52.15
230;Starving Hearts (Triangular Trade Trilogy, #1);£13.99
231;Shakespeare's Sonnets;£20.66
232;Set Me Free;£17.46
233;Scott Pilgrim's Precious Little Life (Scott Pilgrim #1);£52.29
234;Rip it Up and Start Again;£35.02
235;Our Band Could Be Your Life: Scenes from the American Indie Underground, 1981-1991;£57.25
236;Olio;£23.88
237;Mesaerion: The Best Science Fiction Stories 1800-1849;£37.59
238;Libertarianism for Beginners;£51.33
239;It's Only the Himalayas;£45.17
240;A Light in the Attic;£51.77
241;Tipping the Velvet;£53.74
242;Soumission;£50.10
243;Sharp Objects;£47.82
244;Sapiens: A Brief History of Humankind;£54.23
245;The Requiem Red;£22.65
246;The Dirty Little Secrets of Getting Your Dream Job;£33.34
247;The Coming Woman: A Novel Based on the Life of the Infamous Feminist, Victoria Woodhull;£17.93
248;The Boys in the Boat: Nine Americans and Their Epic Quest for Gold at the 1936 Berlin Olympics;£22.60
249;The Black Maria;£52.15
250;Starving Hearts (Triangular Trade Trilogy, #1);£13.99
251;Shakespeare's Sonnets;£20.66
252;Set Me Free;£17.46
253;Scott Pilgrim's Precious Little Life (Scott Pilgrim #1);£52.29
254;Rip it Up and Start Again;£35.02
255;Our Band Could Be Your Life: Scenes from the American Indie Underground, 1981-1991;£57.25
256;Olio;£23.88
257;Mesaerion: The Best Science Fiction Stories 1800-1849;£37.59
258;Libertarianism for Beginners;£51.33
259;It's Only the Himalayas;£45.17
260;A Light in the Attic;£51.77
261;Tipping the Velvet;£53.74
262;Soumission;£50.10
263;Sharp Objects;£47.82
264;Sapiens: A Brief History of Humankind;£54.23
265;The Requiem Red;£22.65
266;The Dirty Little Secrets of Getting Your Dream Job;£33.34
267;The Coming Woman: A Novel Based on the Life of the Infamous Feminist, Victoria Woodhull;£17.93
268;The Boys in the Boat: Nine Americans and Their Epic Quest for Gold at the 1936 Berlin Olympics;£22.60
269;The Black Maria;£52.15
270;Starving Hearts (Triangular Trade Trilogy, #1);£13.99
271;Shakespeare's Sonnets;£20.66
272;Set Me Free;£17.46
273;Scott Pilgrim's Precious Little Life (Scott Pilgrim #1);£52.29
274;Rip it Up and Start Again;£35.02
275;Our Band Could Be Your Life: Scenes from the American Indie Underground, 1981-1991;£57.25
276;Olio;£23.88
277;Mesaerion: The Best Science Fiction Stories 1800-1849;£37.59
278;Libertarianism for Beginners;£51.33
279;It's Only the Himalayas;£45.17
280;A Light in the Attic;£51.77
281;Tipping the Velvet;£53.74
282;Soumission;£50.10
283;Sharp Objects;£47.82
284;Sapiens: A Brief History of Humankind;£54.23
285;The Requiem Red;£22.65
286;The Dirty Little Secrets of Getting Your Dream Job;£33.34
287;The Coming Woman: A Novel Based on the Life of the Infamous Feminist, Victoria Woodhull;£17.93
288;The Boys in the Boat: Nine Americans and Their Epic Quest for Gold at the 1936 Berlin Olympics;£22.60
289;The Black Maria;£52.15
290;Starving Hearts (Triangular Trade Trilogy, #1);£13.99
291;Shakespeare's Sonnets;£20.66
292;Set Me Free;£17.46
293;Scott Pilgrim's Precious Little Life (Scott Pilgrim #1);£52.29
294;Rip it Up and Start Again;£35.02
295;Our Band Could Be Your Life: Scenes from the American Indie Underground, 1981-1991;£57.25
296;Olio;£23.88
297;Mesaerion: The Best Science Fiction Stories 1800-1849;£37.59
298;Libertarianism for Beginners;£51.33
299;It's Only the Himalayas;£45.17
300;A Light in the Attic;£51.77
301;Tipping the Velvet;£53.74
302;Soumission;£50.10
303;Sharp Objects;£47.82
304;Sapiens: A Brief History of Humankind;£54.23
305;The Requiem Red;£22.65
306;The Dirty Little Secrets of Getting Your Dream Job;£33.34
307;The Coming Woman: A Novel Based on the Life of the Infamous Feminist, Victoria Woodhull;£17.93
308;The Boys in the Boat: Nine Americans and Their Epic Quest for Gold at the 1936 Berlin Olympics;£22.60
309;The Black Maria;£52.15
310;Starving Hearts (Triangular Trade Trilogy, #1);£13.99
311;Shakespeare's Sonnets;£20.66
312;Set Me Free;£17.46
313;Scott Pilgrim's Precious Little Life (Scott Pilgrim #1);£52.29
314;Rip it Up and Start Again;£35.02
315;Our Band Could Be Your Life: Scenes from the American Indie Underground, 1981-1991;£57.25
316;Olio;£23.88
317;Mesaerion: The Best Science Fiction Stories 1800-1849;£37.59
318;Libertarianism for Beginners;£51.33
319;It's Only the Himalayas;£45.17
320;A Light in the Attic;£51.77
321;Tipping the Velvet;£53.74
322;Soumission;£50.10
323;Sharp Objects;£47.82
324;Sapiens: A Brief History of Humankind;£54.23
325;The Requiem Red;£22.65
326;The Dirty Little Secrets of Getting Your Dream Job;£33.34
327;The Coming Woman: A Novel Based on the Life of the Infamous Feminist, Victoria Woodhull;£17.93
328;The Boys in the Boat: Nine Americans and Their Epic Quest for Gold at the 1936 Berlin Olympics;£22.60
329;The Black Maria;£52.15
330;Starving Hearts (Triangular Trade Trilogy, #1);£13.99
331;Shakespeare's Sonnets;£20.66
332;Set Me Free;£17.46
333;Scott Pilgrim's Precious Little Life (Scott Pilgrim #1);£52.29
334;Rip it Up and Start Again;£35.02
335;Our Band Could Be Your Life: Scenes from the American Indie Underground, 1981-1991;£57.25
336;Olio;£23.88
337;Mesaerion: The Best Science Fiction Stories 1800-1849;£37.59
338;Libertarianism for Beginners;£51.33
339;It's Only the Himalayas;£45.17
340;A Light in the Attic;£51.77
341;Tipping the Velvet;£53.74
342;Soumission;£50.10
343;Sharp Objects;£47.82
344;Sapiens: A Brief History of Humankind;£54.23
345;The Requiem Red;£22.65
346;The Dirty Little Secrets of Getting Your Dream Job;£33.34
347;The Coming Woman: A Novel Based on the Life of the Infamous Feminist, Victoria Woodhull;£17.93
348;The Boys in the Boat: Nine Americans and Their Epic Quest for Gold at the 1936 Berlin Olympics;£22.60
349;The Black Maria;£52.15
350;Starving Hearts (Triangular Trade Trilogy, #1);£13.99
351;Shakespeare's Sonnets;£20.66
352;Set Me Free;£17.46
353;Scott Pilgrim's Precious Little Life (Scott Pilgrim #1);£52.29
354;Rip it Up and Start Again;£35.02
355;Our Band Could Be Your Life: Scenes from the American Indie Underground, 1981-1991;£57.25
356;Olio;£23.88
357;Mesaerion: The Best Science Fiction Stories 1800-1849;£37.59
358;Libertarianism for Beginners;£51.33
359;It's Only the Himalayas;£45.17
360;A Light in the Attic;£51.77
361;Tipping the Velvet;£53.74
362;Soumission;£50.10
363;Sharp Objects;£47.82
364;Sapiens: A Brief History of Humankind;£54.23
365;The Requiem Red;£22.65
366;The Dirty Little Secrets of Getting Your Dream Job;£33.34
367;The Coming Woman: A Novel Based on the Life of the Infamous Feminist, Victoria Woodhull;£17.93
368;The Boys in the Boat: Nine Americans and Their Epic Quest for Gold at the 1936 Berlin Olympics;£22.60
369;The Black Maria;£52.15
370;Starving Hearts (Triangular Trade Trilogy, #1);£13.99
371;Shakespeare's Sonnets;£20.66
372;Set Me Free;£17.46
373;Scott Pilgrim's Precious Little Life (Scott Pilgrim #1);£52.29
374;Rip it Up and Start Again;£35.02
375;Our Band Could Be Your Life: Scenes from the American Indie Underground, 1981-1991;£57.25
376;Olio;£23.88
377;Mesaerion: The Best Science Fiction Stories 1800-1849;£37.59
378;Libertarianism for Beginners;£51.33
379;It's Only the Himalayas;£45.17
380;A Light in the Attic;£51.77
381;Tipping the Velvet;£53.74
382;Soumission;£50.10
383;Sharp Objects;£47.82
384;Sapiens: A Brief History of Humankind;£54.23
385;The Requiem Red;£22.65
386;The Dirty Little Secrets of Getting Your Dream Job;£33.34
387;The Coming Woman: A Novel Based on the Life of the Infamous Feminist, Victoria Woodhull;£17.93
388;The Boys in the Boat: Nine Americans and Their Epic Quest for Gold at the 1936 Berlin Olympics;£22.60
389;The Black Maria;£52.15
390;Starving Hearts (Triangular Trade Trilogy, #1);£13.99
391;Shakespeare's Sonnets;£20.66
392;Set Me Free;£17.46
393;Scott Pilgrim's Precious Little Life (Scott Pilgrim #1);£52.29
394;Rip it Up and Start Again;£35.02
395;Our Band Could Be Your Life: Scenes from the American Indie Underground, 1981-1991;£57.25
396;Olio;£23.88
397;Mesaerion: The Best Science Fiction Stories 1800-1849;£37.59
398;Libertarianism for Beginners;£51.33
399;It's Only the Himalayas;£45.17
400;A Light in the Attic;£51.77
401;Tipping the Velvet;£53.74
402;Soumission;£50.10
403;Sharp Objects;£47.82
404;Sapiens: A Brief History of Humankind;£54.23
405;The Requiem Red;£22.65
406;The Dirty Little Secrets of Getting Your Dream Job;£33.34
407;The Coming Woman: A Novel Based on the Life of the Infamous Feminist, Victoria Woodhull;£17.93
408;The Boys in the Boat: Nine Americans and Their Epic Quest for Gold at the 1936 Berlin Olympics;£22.60
409;The Black Maria;£52.15
410;Starving Hearts (Triangular Trade Trilogy, #1);£13.99
411;Shakespeare's Sonnets;£20.66
412;Set Me Free;£17.46
413;Scott Pilgrim's Precious Little Life (Scott Pilgrim #1);£52.29
414;Rip it Up and Start Again;£35.02
415;Our Band Could Be Your Life: Scenes from the American Indie Underground, 1981-1991;£57.25
416;Olio;£23.88
417;Mesaerion: The Best Science Fiction Stories 1800-1849;£37.59
418;Libertarianism for Beginners;£51.33
419;It's Only the Himalayas;£45.17
420;A Light in the Attic;£51.77
421;Tipping the Velvet;£53.74
422;Soumission;£50.10
423;Sharp Objects;£47.82
424;Sapiens: A Brief History of Humankind;£54.23
425;The Requiem Red;£22.65
426;The Dirty Little Secrets of Getting Your Dream Job;£33.34
427;The Coming Woman: A Novel Based on the Life of the Infamous Feminist, Victoria Woodhull;£17.93
428;The Boys in the Boat: Nine Americans and Their Epic Quest for Gold at the 1936 Berlin Olympics;£22.60
429;The Black Maria;£52.15
430;Starving Hearts (Triangular Trade Trilogy, #1);£13.99
431;Shakespeare's Sonnets;£20.66
432;Set Me Free;£17.46
433;Scott Pilgrim's Precious Little Life (Scott Pilgrim #1);£52.29
434;Rip it Up and Start Again;£35.02
435;Our Band Could Be Your Life: Scenes from the American Indie Underground, 1981-1991;£57.25
436;Olio;£23.88
437;Mesaerion: The Best Science Fiction Stories 1800-1849;£37.59
438;Libertarianism for Beginners;£51.33
439;It's Only the Himalayas;£45.17
440;A Light in the Attic;£51.77
441;Tipping the Velvet;£53.74
442;Soumission;£50.10
443;Sharp Objects;£47.82
444;Sapiens: A Brief History of Humankind;£54.23
445;The Requiem Red;£22.65
446;The Dirty Little Secrets of Getting Your Dream Job;£33.34
447;The Coming Woman: A Novel Based on the Life of the Infamous Feminist, Victoria Woodhull;£17.93
448;The Boys in the Boat: Nine Americans and Their Epic Quest for Gold at the 1936 Berlin Olympics;£22.60
449;The Black Maria;£52.15
450;Starving Hearts (Triangular Trade Trilogy, #1);£13.99
451;Shakespeare's Sonnets;£20.66
452;Set Me Free;£17.46
453;Scott Pilgrim's Precious Little Life (Scott Pilgrim #1);£52.29
454;Rip it Up and Start Again;£35.02
455;Our Band Could Be Your Life: Scenes from the American Indie Underground, 1981-1991;£57.25
456;Olio;£23.88
457;Mesaerion: The Best Science Fiction Stories 1800-1849;£37.59
458;Libertarianism for Beginners;£51.33
459;It's Only the Himalayas;£45.17
460;A Light in the Attic;£51.77
461;Tipping the Velvet;£53.74
462;Soumission;£50.10
463;Sharp Objects;£47.82
464;Sapiens: A Brief History of Humankind;£54.23
465;The Requiem Red;£22.65
466;The Dirty Little Secrets of Getting Your Dream Job;£33.34
467;The Coming Woman: A Novel Based on the Life of the Infamous Feminist, Victoria Woodhull;£17.93
468;The Boys in the Boat: Nine Americans and Their Epic Quest for Gold at the 1936 Berlin Olympics;£22.60
469;The Black Maria;£52.15
470;Starving Hearts (Triangular Trade Trilogy, #1);£13.99
471;Shakespeare's Sonnets;£20.66
472;Set Me Free;£17.46
473;Scott Pilgrim's Precious Little Life (Scott Pilgrim #1);£52.29
474;Rip it Up and Start Again;£35.02
475;Our Band Could Be Your Life: Scenes from the American Indie Underground, 1981-1991;£57.25
476;Olio;£23.88
477;Mesaerion: The Best Science Fiction Stories 1800-1849;£37.59
478;Libertarianism for Beginners;£51.33
479;It's Only the Himalayas;£45.17
480;A Light in the Attic;£51.77
481;Tipping the Velvet;£53.74
482;Soumission;£50.10
483;Sharp Objects;£47.82
484;Sapiens: A Brief History of Humankind;£54.23
485;The Requiem Red;£22.65
486;The Dirty Little Secrets of Getting Your Dream Job;£33.34
487;The Coming Woman: A Novel Based on the Life of the Infamous Feminist, Victoria Woodhull;£17.93
488;The Boys in the Boat: Nine Americans and Their Epic Quest for Gold at the 1936 Berlin Olympics;£22.60
489;The Black Maria;£52.15
490;Starving Hearts (Triangular Trade Trilogy, #1);£13.99
491;Shakespeare's Sonnets;£20.66
492;Set Me Free;£17.46
493;Scott Pilgrim's Precious Little Life (Scott Pilgrim #1);£52.29
494;Rip it Up and Start Again;£35.02
495;Our Band Could Be Your Life: Scenes from the American Indie Underground, 1981-1991;£57.25
496;Olio;£23.88
497;Mesaerion: The Best Science Fiction Stories 1800-1849;£37.59
498;Libertarianism for Beginners;£51.33
499;It's Only the Himalayas;£45.17
500;A Light in the Attic;£51.77
501;Tipping the Velvet;£53.74
502;Soumission;£50.10
503;Sharp Objects;£47.82
504;Sapiens: A Brief History of Humankind;£54.23
505;The Requiem Red;£22.65
506;The Dirty Little Secrets of Getting Your Dream Job;£33.34
507;The Coming Woman: A Novel Based on the Life of the Infamous Feminist, Victoria Woodhull;£17.93
508;The Boys in the Boat: Nine Americans and Their Epic Quest for Gold at the 1936 Berlin Olympics;£22.60
509;The Black Maria;£52.15
510;Starving Hearts (Triangular Trade Trilogy, #1);£13.99
511;Shakespeare's Sonnets;£20.66
512;Set Me Free;£17.46
513;Scott Pilgrim's Precious Little Life (Scott Pilgrim #1);£52.29
514;Rip it Up and Start Again;£35.02
515;Our Band Could Be Your Life: Scenes from the American Indie Underground, 1981-1991;£57.25
516;Olio;£23.88
517;Mesaerion: The Best Science Fiction Stories 1800-1849;£37.59
518;Libertarianism for Beginners;£51.33
519;It's Only the Himalayas;£45.17
520;A Light in the Attic;£51.77
521;Tipping the Velvet;£53.74
522;Soumission;£50.10
523;Sharp Objects;£47.82
524;Sapiens: A Brief History of Humankind;£54.23
525;The Requiem Red;£22.65
526;The Dirty Little Secrets of Getting Your Dream Job;£33.34
527;The Coming Woman: A Novel Based on the Life of the Infamous Feminist, Victoria Woodhull;£17.93
528;The Boys in the Boat: Nine Americans and Their Epic Quest for Gold at the 1936 Berlin Olympics;£22.60
529;The Black Maria;£52.15
530;Starving Hearts (Triangular Trade Trilogy, #1);£13.99
531;Shakespeare's Sonnets;£20.66
532;Set Me Free;£17.46
533;Scott Pilgrim's Precious Little Life (Scott Pilgrim #1);£52.29
534;Rip it Up and Start Again;£35.02
535;Our Band Could Be Your Life: Scenes from the American Indie Underground, 1981-1991;£57.25
536;Olio;£23.88
537;Mesaerion: The Best Science Fiction Stories 1800-1849;£37.59
538;Libertarianism for Beginners;£51.33
539;It's Only the Himalayas;£45.17
540;A Light in the Attic;£51.77
541;Tipping the Velvet;£53.74
542;Soumission;£50.10
543;Sharp Objects;£47.82
544;Sapiens: A Brief History of Humankind;£54.23
545;The Requiem Red;£22.65
546;The Dirty Little Secrets of Getting Your Dream Job;£33.34
547;The Coming Woman: A Novel Based on the Life of the Infamous Feminist, Victoria Woodhull;£17.93
548;The Boys in the Boat: Nine Americans and Their Epic Quest for Gold at the 1936 Berlin Olympics;£22.60
549;The Black Maria;£52.15
550;Starving Hearts (Triangular Trade Trilogy, #1);£13.99
551;Shakespeare's Sonnets;£20.66
552;Set Me Free;£17.46
553;Scott Pilgrim's Precious Little Life (Scott Pilgrim #1);£52.29
554;Rip it Up and Start Again;£35.02
555;Our Band Could Be Your Life: Scenes from the American Indie Underground, 1981-1991;£57.25
556;Olio;£23.88
557;Mesaerion: The Best Science Fiction Stories 1800-1849;£37.59
558;Libertarianism for Beginners;£51.33
559;It's Only the Himalayas;£45.17
560;A Light in the Attic;£51.77
561;Tipping the Velvet;£53.74
562;Soumission;£50.10
563;Sharp Objects;£47.82
564;Sapiens: A Brief History of Humankind;£54.23
565;The Requiem Red;£22.65
566;The Dirty Little Secrets of Getting Your Dream Job;£33.34
567;The Coming Woman: A Novel Based on the Life of the Infamous Feminist, Victoria Woodhull;£17.93
568;The Boys in the Boat: Nine Americans and Their Epic Quest for Gold at the 1936 Berlin Olympics;£22.60
569;The Black Maria;£52.15
570;Starving Hearts (Triangular Trade Trilogy, #1);£13.99
571;Shakespeare's Sonnets;£20.66
572;Set Me Free;£17.46
573;Scott Pilgrim's Precious Little Life (Scott Pilgrim #1);£52.29
574;Rip it Up and Start Again;£35.02
575;Our Band Could Be Your Life: Scenes from the American Indie Underground, 1981-1991;£57.25
576;Olio;£23.88
577;Mesaerion: The Best Science Fiction Stories 1800-1849;£37.59
578;Libertarianism for Beginners;£51.33
579;It's Only the Himalayas;£45.17
580;A Light in the Attic;£51.77
581;Tipping the Velvet;£53.74
582;Soumission;£50.10
583;Sharp Objects;£47.82
584;Sapiens: A Brief History of Humankind;£54.23
585;The Requiem Red;£22.65
586;The Dirty Little Secrets of Getting Your Dream Job;£33.34
587;The Coming Woman: A Novel Based on the Life of the Infamous Feminist, Victoria Woodhull;£17.93
588;The Boys in the Boat: Nine Americans and Their Epic Quest for Gold at the 1936 Berlin Olympics;£22.60
589;The Black Maria;£52.15
590;Starving Hearts (Triangular Trade Trilogy, #1);£13.99
591;Shakespeare's Sonnets;£20.66
592;Set Me Free;£17.46
593;Scott Pilgrim's Precious Little Life (Scott Pilgrim #1);£52.29
594;Rip it Up and Start Again;£35.02
595;Our Band Could Be Your Life: Scenes from the American Indie Underground, 1981-1991;£57.25
596;Olio;£23.88
597;Mesaerion: The Best Science Fiction Stories 1800-1849;£37.59
598;Libertarianism for Beginners;£51.33
599;It's Only the Himalayas;£45.17
600;A Light in the Attic;£51.77
601;Tipping the Velvet;£53.74
602;Soumission;£50.10
603;Sharp Objects;£47.82
604;Sapiens: A Brief History of Humankind;£54.23
605;The Requiem Red;£22.65
606;The Dirty Little Secrets of Getting Your Dream Job;£33.34
607;The Coming Woman: A Novel Based on the Life of the Infamous Feminist, Victoria Woodhull;£17.93
608;The Boys in the Boat: Nine Americans and Their Epic Quest for Gold at the 1936 Berlin Olympics;£22.60
609;The Black Maria;£52.15
610;Starving Hearts (Triangular Trade Trilogy, #1);£13.99
611;Shakespeare's Sonnets;£20.66
612;Set Me Free;£17.46
613;Scott Pilgrim's Precious Little Life (Scott Pilgrim #1);£52.29
614;Rip it Up and Start Again;£35.02
615;Our Band Could Be Your Life: Scenes from the American Indie Underground, 1981-1991;£57.25
616;Olio;£23.88
617;Mesaerion: The Best Science Fiction Stories 1800-1849;£37.59
618;Libertarianism for Beginners;£51.33
619;It's Only the Himalayas;£45.17
620;A Light in the Attic;£51.77
621;Tipping the Velvet;£53.74
622;Soumission;£50.10
623;Sharp Objects;£47.82
624;Sapiens: A Brief History of Humankind;£54.23
625;The Requiem Red;£22.65
626;The Dirty Little Secrets of Getting Your Dream Job;£33.34
627;The Coming Woman: A Novel Based on the Life of the Infamous Feminist, Victoria Woodhull;£17.93
628;The Boys in the Boat: Nine Americans and Their Epic Quest for Gold at the 1936 Berlin Olympics;£22.60
629;The Black Maria;£52.15
630;Starving Hearts (Triangular Trade Trilogy, #1);£13.99
631;Shakespeare's Sonnets;£20.66
632;Set Me Free;£17.46
633;Scott Pilgrim's Precious Little Life (Scott Pilgrim #1);£52.29
634;Rip it Up and Start Again;£35.02
635;Our Band Could Be Your Life: Scenes from the American Indie Underground, 1981-1991;£57.25
636;Olio;£23.88
637;Mesaerion: The Best Science Fiction Stories 1800-1849;£37.59
638;Libertarianism for Beginners;£51.33
639;It's Only the Himalayas;£45.17
640;A Light in the Attic;£51.77
641;Tipping the Velvet;£53.74
642;Soumission;£50.10
643;Sharp Objects;£47.82
644;Sapiens: A Brief History of Humankind;£54.23
645;The Requiem Red;£22.65
646;The Dirty Little Secrets of Getting Your Dream Job;£33.34
647;The Coming Woman: A Novel Based on the Life of the Infamous Feminist, Victoria Woodhull;£17.93
648;The Boys in the Boat: Nine Americans and Their Epic Quest for Gold at the 1936 Berlin Olympics;£22.60
649;The Black Maria;£52.15
650;Starving Hearts (Triangular Trade Trilogy, #1);£13.99
651;Shakespeare's Sonnets;£20.66
652;Set Me Free;£17.46
653;Scott Pilgrim's Precious Little Life (Scott Pilgrim #1);£52.29
654;Rip it Up and Start Again;£35.02
655;Our Band Could Be Your Life: Scenes from the American Indie Underground, 1981-1991;£57.25
656;Olio;£23.88
657;Mesaerion: The Best Science Fiction Stories 1800-1849;£37.59
658;Libertarianism for Beginners;£51.33
659;It's Only the Himalayas;£45.17
660;A Light in the Attic;£51.77
661;Tipping the Velvet;£53.74
662;Soumission;£50.10
663;Sharp Objects;£47.82
664;Sapiens: A Brief History of Humankind;£54.23
665;The Requiem Red;£22.65
666;The Dirty Little Secrets of Getting Your Dream Job;£33.34
667;The Coming Woman: A Novel Based on the Life of the Infamous Feminist, Victoria Woodhull;£17.93
668;The Boys in the Boat: Nine Americans and Their Epic Quest for Gold at the 1936 Berlin Olympics;£22.60
669;The Black Maria;£52.15
670;Starving Hearts (Triangular Trade Trilogy, #1);£13.99
671;Shakespeare's Sonnets;£20.66
672;Set Me Free;£17.46
673;Scott Pilgrim's Precious Little Life (Scott Pilgrim #1);£52.29
674;Rip it Up and Start Again;£35.02
675;Our Band Could Be Your Life: Scenes from the American Indie Underground, 1981-1991;£57.25
676;Olio;£23.88
677;Mesaerion: The Best Science Fiction Stories 1800-1849;£37.59
678;Libertarianism for Beginners;£51.33
679;It's Only the Himalayas;£45.17
680;A Light in the Attic;£51.77
681;Tipping the Velvet;£53.74
682;Soumission;£50.10
683;Sharp Objects;£47.82
684;Sapiens: A Brief History of Humankind;£54.23
685;The Requiem Red;£22.65
686;The Dirty Little Secrets of Getting Your Dream Job;£33.34
687;The Coming Woman: A Novel Based on the Life of the Infamous Feminist, Victoria Woodhull;£17.93
688;The Boys in the Boat: Nine Americans and Their Epic Quest for Gold at the 1936 Berlin Olympics;£22.60
689;The Black Maria;£52.15
690;Starving Hearts (Triangular Trade Trilogy, #1);£13.99
691;Shakespeare's Sonnets;£20.66
692;Set Me Free;£17.46
693;Scott Pilgrim's Precious Little Life (Scott Pilgrim #1);£52.29
694;Rip it Up and Start Again;£35.02
695;Our Band Could Be Your Life: Scenes from the American Indie Underground, 1981-1991;£57.25
696;Olio;£23.88
697;Mesaerion: The Best Science Fiction Stories 1800-1849;£37.59
698;Libertarianism for Beginners;£51.33
699;It's Only the Himalayas;£45.17
700;A Light in the Attic;£51.77
701;Tipping the Velvet;£53.74
702;Soumission;£50.10
703;Sharp Objects;£47.82
704;Sapiens: A Brief History of Humankind;£54.23
705;The Requiem Red;£22.65
706;The Dirty Little Secrets of Getting Your Dream Job;£33.34
707;The Coming Woman: A Novel Based on the Life of the Infamous Feminist, Victoria Woodhull;£17.93
708;The Boys in the Boat: Nine Americans and Their Epic Quest for Gold at the 1936 Berlin Olympics;£22.60
709;The Black Maria;£52.15
710;Starving Hearts (Triangular Trade Trilogy, #1);£13.99
711;Shakespeare's Sonnets;£20.66
712;Set Me Free;£17.46
713;Scott Pilgrim's Precious Little Life (Scott Pilgrim #1);£52.29
714;Rip it Up and Start Again;£35.02
715;Our Band Could Be Your Life: Scenes from the American Indie Underground, 1981-1991;£57.25
716;Olio;£23.88
717;Mesaerion: The Best Science Fiction Stories 1800-1849;£37.59
718;Libertarianism for Beginners;£51.33
719;It's Only the Himalayas;£45.17
720;A Light in the Attic;£51.77
721;Tipping the Velvet;£53.74
722;Soumission;£50.10
723;Sharp Objects;£47.82
724;Sapiens: A Brief History of Humankind;£54.23
725;The Requiem Red;£22.65
726;The Dirty Little Secrets of Getting Your Dream Job;£33.34
727;The Coming Woman: A Novel Based on the Life of the Infamous Feminist, Victoria Woodhull;£17.93
728;The Boys in the Boat: Nine Americans and Their Epic Quest for Gold at the 1936 Berlin Olympics;£22.60
729;The Black Maria;£52.15
730;Starving Hearts (Triangular Trade Trilogy, #1);£13.99
731;Shakespeare's Sonnets;£20.66
732;Set Me Free;£17.46
733;Scott Pilgrim's Precious Little Life (Scott Pilgrim #1);£52.29
734;Rip it Up and Start Again;£35.02
735;Our Band Could Be Your Life: Scenes from the American Indie Underground, 1981-1991;£57.25
736;Olio;£23.88
737;Mesaerion: The Best Science Fiction Stories 1800-1849;£37.59
738;Libertarianism for Beginners;£51.33
739;It's Only the Himalayas;£45.17
740;A Light in the Attic;£51.77
741;Tipping the Velvet;£53.74
742;Soumission;£50.10
743;Sharp Objects;£47.82
744;Sapiens: A Brief History of Humankind;£54.23
745;The Requiem Red;£22.65
746;The Dirty Little Secrets of Getting Your Dream Job;£33.34
747;The Coming Woman: A Novel Based on the Life of the Infamous Feminist, Victoria Woodhull;£17.93
748;The Boys in the Boat: Nine Americans and Their Epic Quest for Gold at the 1936 Berlin Olympics;£22.60
749;The Black Maria;£52.15
750;Starving Hearts (Triangular Trade Trilogy, #1);£13.99
751;Shakespeare's Sonnets;£20.66
752;Set Me Free;£17.46
753;Scott Pilgrim's Precious Little Life (Scott Pilgrim #1);£52.29
754;Rip it Up and Start Again;£35.02
755;Our Band Could Be Your Life: Scenes from the American Indie Underground, 1981-1991;£57.25
756;Olio;£23.88
757;Mesaerion: The Best Science Fiction Stories 1800-1849;£37.59
758;Libertarianism for Beginners;£51.33
759;It's Only the Himalayas;£45.17
760;A Light in the Attic;£51.77
761;Tipping the Velvet;£53.74
762;Soumission;£50.10
763;Sharp Objects;£47.82
764;Sapiens: A Brief History of Humankind;£54.23
765;The Requiem Red;£22.65
766;The Dirty Little Secrets of Getting Your Dream Job;£33.34
767;The Coming Woman: A Novel Based on the Life of the Infamous Feminist, Victoria Woodhull;£17.93
768;The Boys in the Boat: Nine Americans and Their Epic Quest for Gold at the 1936 Berlin Olympics;£22.60
769;The Black Maria;£52.15
770;Starving Hearts (Triangular Trade Trilogy, #1);£13.99
771;Shakespeare's Sonnets;£20.66
772;Set Me Free;£17.46
773;Scott Pilgrim's Precious Little Life (Scott Pilgrim #1);£52.29
774;Rip it Up and Start Again;£35.02
775;Our Band Could Be Your Life: Scenes from the American Indie Underground, 1981-1991;£57.25
776;Olio;£23.88
777;Mesaerion: The Best Science Fiction Stories 1800-1849;£37.59
778;Libertarianism for Beginners;£51.33
779;It's Only the Himalayas;£45.17
780;A Light in the Attic;£51.77
781;Tipping the Velvet;£53.74
782;Soumission;£50.10
783;Sharp Objects;£47.82
784;Sapiens: A Brief History of Humankind;£54.23
785;The Requiem Red;£22.65
786;The Dirty Little Secrets of Getting Your Dream Job;£33.34
787;The Coming Woman: A Novel Based on the Life of the Infamous Feminist, Victoria Woodhull;£17.93
788;The Boys in the Boat: Nine Americans and Their Epic Quest for Gold at the 1936 Berlin Olympics;£22.60
789;The Black Maria;£52.15
790;Starving Hearts (Triangular Trade Trilogy, #1);£13.99
791;Shakespeare's Sonnets;£20.66
792;Set Me Free;£17.46
793;Scott Pilgrim's Precious Little Life (Scott Pilgrim #1);£52.29
794;Rip it Up and Start Again;£35.02
795;Our Band Could Be Your Life: Scenes from the American Indie Underground, 1981-1991;£57.25
796;Olio;£23.88
797;Mesaerion: The Best Science Fiction Stories 1800-1849;£37.59
798;Libertarianism for Beginners;£51.33
799;It's Only the Himalayas;£45.17
800;A Light in the Attic;£51.77
801;Tipping the Velvet;£53.74
802;Soumission;£50.10
803;Sharp Objects;£47.82
804;Sapiens: A Brief History of Humankind;£54.23
805;The Requiem Red;£22.65
806;The Dirty Little Secrets of Getting Your Dream Job;£33.34
807;The Coming Woman: A Novel Based on the Life of the Infamous Feminist, Victoria Woodhull;£17.93
808;The Boys in the Boat: Nine Americans and Their Epic Quest for Gold at the 1936 Berlin Olympics;£22.60
809;The Black Maria;£52.15
810;Starving Hearts (Triangular Trade Trilogy, #1);£13.99
811;Shakespeare's Sonnets;£20.66
812;Set Me Free;£17.46
813;Scott Pilgrim's Precious Little Life (Scott Pilgrim #1);£52.29
814;Rip it Up and Start Again;£35.02
815;Our Band Could Be Your Life: Scenes from the American Indie Underground, 1981-1991;£57.25
816;Olio;£23.88
817;Mesaerion: The Best Science Fiction Stories 1800-1849;£37.59
818;Libertarianism for Beginners;£51.33
819;It's Only the Himalayas;£45.17
820;A Light in the Attic;£51.77
821;Tipping the Velvet;£53.74
822;Soumission;£50.10
823;Sharp Objects;£47.82
824;Sapiens: A Brief History of Humankind;£54.23
825;The Requiem Red;£22.65
826;The Dirty Little Secrets of Getting Your Dream Job;£33.34
827;The Coming Woman: A Novel Based on the Life of the Infamous Feminist, Victoria Woodhull;£17.93
828;The Boys in the Boat: Nine Americans and Their Epic Quest for Gold at the 1936 Berlin Olympics;£22.60
829;The Black Maria;£52.15
830;Starving Hearts (Triangular Trade Trilogy, #1);£13.99
831;Shakespeare's Sonnets;£20.66
832;Set Me Free;£17.46
833;Scott Pilgrim's Precious Little Life (Scott Pilgrim #1);£52.29
834;Rip it Up and Start Again;£35.02
835;Our Band Could Be Your Life: Scenes from the American Indie Underground, 1981-1991;£57.25
836;Olio;£23.88
837;Mesaerion: The Best Science Fiction Stories 1800-1849;£37.59
838;Libertarianism for Beginners;£51.33
839;It's Only the Himalayas;£45.17
840;A Light in the Attic;£51.77
841;Tipping the Velvet;£53.74
842;Soumission;£50.10
843;Sharp Objects;£47.82
844;Sapiens: A Brief History of Humankind;£54.23
845;The Requiem Red;£22.65
846;The Dirty Little Secrets of Getting Your Dream Job;£33.34
847;The Coming Woman: A Novel Based on the Life of the Infamous Feminist, Victoria Woodhull;£17.93
848;The Boys in the Boat: Nine Americans and Their Epic Quest for Gold at the 1936 Berlin Olympics;£22.60
849;The Black Maria;£52.15
850;Starving Hearts (Triangular Trade Trilogy, #1);£13.99
851;Shakespeare's Sonnets;£20.66
852;Set Me Free;£17.46
853;Scott Pilgrim's Precious Little Life (Scott Pilgrim #1);£52.29
854;Rip it Up and Start Again;£35.02
855;Our Band Could Be Your Life: Scenes from the American Indie Underground, 1981-1991;£57.25
856;Olio;£23.88
857;Mesaerion: The Best Science Fiction Stories 1800-1849;£37.59
858;Libertarianism for Beginners;£51.33
859;It's Only the Himalayas;£45.17
860;A Light in the Attic;£51.77
861;Tipping the Velvet;£53.74
862;Soumission;£50.10
863;Sharp Objects;£47.82
864;Sapiens: A Brief History of Humankind;£54.23
865;The Requiem Red;£22.65
866;The Dirty Little Secrets of Getting Your Dream Job;£33.34
867;The Coming Woman: A Novel Based on the Life of the Infamous Feminist, Victoria Woodhull;£17.93
868;The Boys in the Boat: Nine Americans and Their Epic Quest for Gold at the 1936 Berlin Olympics;£22.60
869;The Black Maria;£52.15
870;Starving Hearts (Triangular Trade Trilogy, #1);£13.99
871;Shakespeare's Sonnets;£20.66
872;Set Me Free;£17.46
873;Scott Pilgrim's Precious Little Life (Scott Pilgrim #1);£52.29
874;Rip it Up and Start Again;£35.02
875;Our Band Could Be Your Life: Scenes from the American Indie Underground, 1981-1991;£57.25
876;Olio;£23.88
877;Mesaerion: The Best Science Fiction Stories 1800-1849;£37.59
878;Libertarianism for Beginners;£51.33
879;It's Only the Himalayas;£45.17
880;A Light in the Attic;£51.77
881;Tipping the Velvet;£53.74
882;Soumission;£50.10
883;Sharp Objects;£47.82
884;Sapiens: A Brief History of Humankind;£54.23
885;The Requiem Red;£22.65
886;The Dirty Little Secrets of Getting Your Dream Job;£33.34
887;The Coming Woman: A Novel Based on the Life of the Infamous Feminist, Victoria Woodhull;£17.93
888;The Boys in the Boat: Nine Americans and Their Epic Quest for Gold at the 1936 Berlin Olympics;£22.60
889;The Black Maria;£52.15
890;Starving Hearts (Triangular Trade Trilogy, #1);£13.99
891;Shakespeare's Sonnets;£20.66
892;Set Me Free;£17.46
893;Scott Pilgrim's Precious Little Life (Scott Pilgrim #1);£52.29
894;Rip it Up and Start Again;£35.02
895;Our Band Could Be Your Life: Scenes from the American Indie Underground, 1981-1991;£57.25
896;Olio;£23.88
897;Mesaerion: The Best Science Fiction Stories 1800-1849;£37.59
898;Libertarianism for Beginners;£51.33
899;It's Only the Himalayas;£45.17
900;A Light in the Attic;£51.77
901;Tipping the Velvet;£53.74
902;Soumission;£50.10
903;Sharp Objects;£47.82
904;Sapiens: A Brief History of Humankind;£54.23
905;The Requiem Red;£22.65
906;The Dirty Little Secrets of Getting Your Dream Job;£33.34
907;The Coming Woman: A Novel Based on the Life of the Infamous Feminist, Victoria Woodhull;£17.93
908;The Boys in the Boat: Nine Americans and Their Epic Quest for Gold at the 1936 Berlin Olympics;£22.60
909;The Black Maria;£52.15
910;Starving Hearts (Triangular Trade Trilogy, #1);£13.99
911;Shakespeare's Sonnets;£20.66
912;Set Me Free;£17.46
913;Scott Pilgrim's Precious Little Life (Scott Pilgrim #1);£52.29
914;Rip it Up and Start Again;£35.02
915;Our Band Could Be Your Life: Scenes from the American Indie Underground, 1981-1991;£57.25
916;Olio;£23.88
917;Mesaerion: The Best Science Fiction Stories 1800-1849;£37.59
918;Libertarianism for Beginners;£51.33
919;It's Only the Himalayas;£45.17
920;A Light in the Attic;£51.77
921;Tipping the Velvet;£53.74
922;Soumission;£50.10
923;Sharp Objects;£47.82
924;Sapiens: A Brief History of Humankind;£54.23
925;The Requiem Red;£22.65
926;The Dirty Little Secrets of Getting Your Dream Job;£33.34
927;The Coming Woman: A Novel Based on the Life of the Infamous Feminist, Victoria Woodhull;£17.93
928;The Boys in the Boat: Nine Americans and Their Epic Quest for Gold at the 1936 Berlin Olympics;£22.60
929;The Black Maria;£52.15
930;Starving Hearts (Triangular Trade Trilogy, #1);£13.99
931;Shakespeare's Sonnets;£20.66
932;Set Me Free;£17.46
933;Scott Pilgrim's Precious Little Life (Scott Pilgrim #1);£52.29
934;Rip it Up and Start Again;£35.02
935;Our Band Could Be Your Life: Scenes from the American Indie Underground, 1981-1991;£57.25
936;Olio;£23.88
937;Mesaerion: The Best Science Fiction Stories 1800-1849;£37.59
938;Libertarianism for Beginners;£51.33
939;It's Only the Himalayas;£45.17
940;A Light in the Attic;£51.77
941;Tipping the Velvet;£53.74
942;Soumission;£50.10
943;Sharp Objects;£47.82
944;Sapiens: A Brief History of Humankind;£54.23
945;The Requiem Red;£22.65
946;The Dirty Little Secrets of Getting Your Dream Job;£33.34
947;The Coming Woman: A Novel Based on the Life of the Infamous Feminist, Victoria Woodhull;£17.93
948;The Boys in the Boat: Nine Americans and Their Epic Quest for Gold at the 1936 Berlin Olympics;£22.60
949;The Black Maria;£52.15
950;Starving Hearts (Triangular Trade Trilogy, #1);£13.99
951;Shakespeare's Sonnets;£20.66
952;Set Me Free;£17.46
953;Scott Pilgrim's Precious Little Life (Scott Pilgrim #1);£52.29
954;Rip it Up and Start Again;£35.02
955;Our Band Could Be Your Life: Scenes from the American Indie Underground, 1981-1991;£57.25
956;Olio;£23.88
957;Mesaerion: The Best Science Fiction Stories 1800-1849;£37.59
958;Libertarianism for Beginners;£51.33
959;It's Only the Himalayas;£45.17
960;A Light in the Attic;£51.77
961;Tipping the Velvet;£53.74
962;Soumission;£50.10
963;Sharp Objects;£47.82
964;Sapiens: A Brief History of Humankind;£54.23
965;The Requiem Red;£22.65
966;The Dirty Little Secrets of Getting Your Dream Job;£33.34
967;The Coming Woman: A Novel Based on the Life of the Infamous Feminist, Victoria Woodhull;£17.93
968;The Boys in the Boat: Nine Americans and Their Epic Quest for Gold at the 1936 Berlin Olympics;£22.60
969;The Black Maria;£52.15
970;Starving Hearts (Triangular Trade Trilogy, #1);£13.99
971;Shakespeare's Sonnets;£20.66
972;Set Me Free;£17.46
973;Scott Pilgrim's Precious Little Life (Scott Pilgrim #1);£52.29
974;Rip it Up and Start Again;£35.02
975;Our Band Could Be Your Life: Scenes from the American Indie Underground, 1981-1991;£57.25
976;Olio;£23.88
977;Mesaerion: The Best Science Fiction Stories 1800-1849;£37.59
978;Libertarianism for Beginners;£51.33
979;It's Only the Himalayas;£45.17
980;A Light in the Attic;£51.77
981;Tipping the Velvet;£53.74
982;Soumission;£50.10
983;Sharp Objects;£47.82
984;Sapiens: A Brief History of Humankind;£54.23
985;The Requiem Red;£22.65
986;The Dirty Little Secrets of Getting Your Dream Job;£33.34
987;The Coming Woman: A Novel Based on the Life of the Infamous Feminist, Victoria Woodhull;£17.93
988;The Boys in the Boat: Nine Americans and Their Epic Quest for Gold at the 1936 Berlin Olympics;£22.60
989;The Black Maria;£52.15
990;Starving Hearts (Triangular Trade Trilogy, #1);£13.99
991;Shakespeare's Sonnets;£20.66
992;Set Me Free;£17.46
993;Scott Pilgrim's Precious Little Life (Scott Pilgrim #1);£52.29
994;Rip it Up and Start Again;£35.02
995;Our Band Could Be Your Life: Scenes from the American Indie Underground, 1981-1991;£57.25
996;Olio;£23.88
997;Mesaerion: The Best Science Fiction Stories 1800-1849;£37.59
998;Libertarianism for Beginners;£51.33
999;It's Only the Himalayas;£45.17
